wikidata,type,text
https://www.wikidata.org/wiki/Q335179,mit,Hipogrifo
https://www.wikidata.org/wiki/Q203480,mit,Faetonte
https://www.wikidata.org/wiki/Q36,place,Polonia
https://www.wikidata.org/wiki/Q129866,mit,monstruo de su laberinto
https://www.wikidata.org/wiki/Q16990,place,Etna
https://www.wikidata.org/wiki/Q825,mit,Dios
https://www.wikidata.org/wiki/Q182790,mit,quimeras
https://www.wikidata.org/wiki/Q36,mit,Polonia
https://www.wikidata.org/wiki/Q178831,mit,Aurora
https://www.wikidata.org/wiki/Q457294,mit,Palas
https://www.wikidata.org/wiki/Q209644,mit,Flora
https://www.wikidata.org/wiki/Q178831,mit,Aurora
https://www.wikidata.org/wiki/Q209644,mit,Flora
https://www.wikidata.org/wiki/Q457294,mit,Palas
https://www.wikidata.org/wiki/Q825,mit,Dios
https://www.wikidata.org/wiki/Q170770,place,Moscovia
https://www.wikidata.org/wiki/Q170770,place,Moscovia
https://www.wikidata.org/wiki/Q825,mit,dios
https://www.wikidata.org/wiki/Q36303,person,Tales
https://www.wikidata.org/wiki/Q8747,person,Euclides
https://www.wikidata.org/wiki/Q707873,person,Timantes
https://www.wikidata.org/wiki/Q192222,person,Lisipo
https://www.wikidata.org/wiki/Q302,mit,Cristo
https://www.wikidata.org/wiki/Q2054,person,Séneca
https://www.wikidata.org/wiki/Q170770,place,Moscovia
https://www.wikidata.org/wiki/Q36,place,Polonia
https://www.wikidata.org/wiki/Q36,place,Polonia
https://www.wikidata.org/wiki/Q825,mit,Dios
https://www.wikidata.org/wiki/Q170770,place,Moscovia
https://www.wikidata.org/wiki/Q48444,mit,fénix
https://www.wikidata.org/wiki/Q15946621,event,concilio Niceno
https://www.wikidata.org/wiki/Q170770,place,Moscovia
https://www.wikidata.org/wiki/Q170770,place,Moscovia
https://www.wikidata.org/wiki/Q220,place,Roma
https://www.wikidata.org/wiki/Q36,place,Polonia
https://www.wikidata.org/wiki/Q170770,place,Moscovia
https://www.wikidata.org/wiki/Q190582,mit,Danae
https://www.wikidata.org/wiki/Q182019,mit,Leda
https://www.wikidata.org/wiki/Q165170,mit,Europa
https://www.wikidata.org/wiki/Q82732,mit,Eneas
https://www.wikidata.org/wiki/Q5684,place,Babilonia
https://www.wikidata.org/wiki/Q171150,place,Hungría
https://www.wikidata.org/wiki/Q171150,place,Hungría
https://www.wikidata.org/wiki/Q22647,place,Troya
https://www.wikidata.org/wiki/Q825,mit,Dios
https://www.wikidata.org/wiki/Q235113,mit,ángel
https://www.wikidata.org/wiki/Q187602,mit,Circe
https://www.wikidata.org/wiki/Q174278,mit,Medea
https://www.wikidata.org/wiki/Q566,mit,Purgatorio
https://www.wikidata.org/wiki/Q564,mit,Infierno
https://www.wikidata.org/wiki/Q302,mit,Jesús
https://www.wikidata.org/wiki/Q345,mit,Virgen preñada y parida
https://www.wikidata.org/wiki/Q345,mit,Madre del 
https://www.wikidata.org/wiki/Q302,mit,Eterno Hijo
https://www.wikidata.org/wiki/Q302,mit,Eterno Hijo
https://www.wikidata.org/wiki/Q825,mit,Eterno Padre
https://www.wikidata.org/wiki/Q177413,mit,demonio
https://www.wikidata.org/wiki/Q302,mit,Jesús
https://www.wikidata.org/wiki/Q345,mit,María
https://www.wikidata.org/wiki/Q302,mit,Cristo
https://www.wikidata.org/wiki/Q235113,mit,ángel
https://www.wikidata.org/wiki/Q130818,mit,Atlante
https://www.wikidata.org/wiki/Q1149052,place,calle Mayor
https://www.wikidata.org/wiki/Q6674,mit,el diablo
https://www.wikidata.org/wiki/Q313417,mit,Barrabás
https://www.wikidata.org/wiki/Q825,mit,Dios
https://www.wikidata.org/wiki/Q2364997,place,calle de las Huertas
https://www.wikidata.org/wiki/Q5740988,place,calle del Carmen
https://www.wikidata.org/wiki/Q2001937,place,San Blas
https://www.wikidata.org/wiki/Q2364997,place,calle de las Huertas
https://www.wikidata.org/wiki/Q427163,placePuerta del Sol
https://www.wikidata.org/wiki/Q825,mit,Dios
https://www.wikidata.org/wiki/Q15788209,place,calle del Lobo
https://www.wikidata.org/wiki/Q220,place,Roma
https://www.wikidata.org/wiki/Q6674,mit,diablo
https://www.wikidata.org/wiki/Q4304392,place,Moscovia
https://www.wikidata.org/wiki/Q825,mit,Dios
https://www.wikidata.org/wiki/Q2471772,person,Pie de Palo
https://www.wikidata.org/wiki/Q209682,place,golfo de Leplanto
https://www.wikidata.org/wiki/Q336446,place,Abido
https://www.wikidata.org/wiki/Q10316761,mit,Leandros
https://www.wikidata.org/wiki/Q825,mit,Dios
https://www.wikidata.org/wiki/Q181359,place,Talavera
https://www.wikidata.org/wiki/Q752280,place,Almagro
https://www.wikidata.org/wiki/Q4304392,place,Moscovia
https://www.wikidata.org/wiki/Q752280,place,Almagro
https://www.wikidata.org/wiki/Q656196,place,Fuencarral
https://www.wikidata.org/wiki/Q656196,place,Fuencarral
https://www.wikidata.org/wiki/Q752280,place,Almagro
https://www.wikidata.org/wiki/Q2807,place,Madrid
https://www.wikidata.org/wiki/Q825,mit,Dios
https://www.wikidata.org/wiki/Q302,mit,Cristo
https://www.wikidata.org/wiki/Q825,mit,Dios
https://www.wikidata.org/wiki/Q752280,place,Almagro
https://www.wikidata.org/wiki/Q217196,place,Castilla
https://www.wikidata.org/wiki/Q752280,place,Almagro
https://www.wikidata.org/wiki/Q825,mit,Dios
https://www.wikidata.org/wiki/Q427163,place,Puerta del Sol
https://www.wikidata.org/wiki/Q6080240,place,Platería
https://www.wikidata.org/wiki/Q11959,place,Alicante
https://www.wikidata.org/wiki/Q825,mit,Dios
https://www.wikidata.org/wiki/Q20026775,place,San Luis
https://www.wikidata.org/wiki/Q752280,place,Almagro
https://www.wikidata.org/wiki/Q825,mit,Dios
https://www.wikidata.org/wiki/Q2807,place,Madrid
https://www.wikidata.org/wiki/Q427163,place,Puerta del Sol
https://www.wikidata.org/wiki/Q152519,mit,basilisco
https://www.wikidata.org/wiki/Q752280,place,Almagro
https://www.wikidata.org/wiki/Q752280,place,Almagro
https://www.wikidata.org/wiki/Q8810,place,Granada
https://www.wikidata.org/wiki/Q825,mit,Dios
https://www.wikidata.org/wiki/Q752280,place,Almagro
https://www.wikidata.org/wiki/Q844209,place,la Mancha
https://www.wikidata.org/wiki/Q752280,place,Almagro
https://www.wikidata.org/wiki/Q2807,place,Madrid
https://www.wikidata.org/wiki/Q2807,place,Madrid
https://www.wikidata.org/wiki/Q825,mit,Dios
https://www.wikidata.org/wiki/Q1630860,mit,los mandamientos
https://www.wikidata.org/wiki/Q825,mit,Dios
https://www.wikidata.org/wiki/Q825,mit,Dios
https://www.wikidata.org/wiki/Q825,mit,Dios
https://www.wikidata.org/wiki/Q2807,place,Madrid
https://www.wikidata.org/wiki/Q752280,place,Almagro
https://www.wikidata.org/wiki/Q2364997,place,calle de las Huertas
https://www.wikidata.org/wiki/Q752280,place,Almagro
https://www.wikidata.org/wiki/Q825,mit,Dios
https://www.wikidata.org/wiki/Q825,mit,Dios
https://www.wikidata.org/wiki/Q825,mit,Dios
https://www.wikidata.org/wiki/Q844209,place,la Mancha
https://www.wikidata.org/wiki/Q16389845,place,calle del Prado
https://www.wikidata.org/wiki/Q825,mit,Dios
https://www.wikidata.org/wiki/Q43958,person,Cid
https://www.wikidata.org/wiki/Q183,place,Alemania
https://www.wikidata.org/wiki/Q2807,place,Madrid
https://www.wikidata.org/wiki/Q752280,place,Almagro
https://www.wikidata.org/wiki/Q825,mit,Dios
https://www.wikidata.org/wiki/Q844209,place,la Mancha
https://www.wikidata.org/wiki/Q825,mit,Dios
https://www.wikidata.org/wiki/Q6674,mit,diablo
https://www.wikidata.org/wiki/Q825,mit,Dios
https://www.wikidata.org/wiki/Q5492657,place,Atocha
https://www.wikidata.org/wiki/Q825,mit,Dios
https://www.wikidata.org/wiki/Q6140014,place,del Príncipe
https://www.wikidata.org/wiki/Q7691978,place,de la Cruz
https://www.wikidata.org/wiki/Q1442310,person,Francisco de Rojas
https://www.wikidata.org/wiki/Q8409,person,Alejandro
https://www.wikidata.org/wiki/Q160381,place,Ocidente
https://www.wikidata.org/wiki/Q859,person,Platón
https://www.wikidata.org/wiki/Q1413,person,Nerón
https://www.wikidata.org/wiki/Q1460,place,Sicilia
https://www.wikidata.org/wiki/Q2656,place,Palermo
https://www.wikidata.org/wiki/Q35045,place,Potosí
https://www.wikidata.org/wiki/Q179256,mit,Narciso
https://www.wikidata.org/wiki/Q2656,place,Palermo
https://www.wikidata.org/wiki/Q187602,mit,Circe
https://www.wikidata.org/wiki/Q270227,person,Laura
https://www.wikidata.org/wiki/Q232913,person,Beatriz
https://www.wikidata.org/wiki/Q13409873,mit,Píramo
https://www.wikidata.org/wiki/Q10316761,mit,Leandro
https://www.wikidata.org/wiki/Q1460,place,Sicilia
https://www.wikidata.org/wiki/Q825,mit,Dios
https://www.wikidata.org/wiki/Q54939,place,Valencia
https://www.wikidata.org/wiki/Q825,mit,Dios
https://www.wikidata.org/wiki/Q54939,place,Valencia
https://www.wikidata.org/wiki/Q5836,place,Toledo
https://www.wikidata.org/wiki/Q54939,place,Valencia
https://www.wikidata.org/wiki/Q302,mit,Jesús
https://www.wikidata.org/wiki/Q825,mit,Dios
https://www.wikidata.org/wiki/Q1460,place,Sicilia
https://www.wikidata.org/wiki/Q836948,place,Toro
https://www.wikidata.org/wiki/Q1460,place,Sicilia
https://www.wikidata.org/wiki/Q270867,mit,madre la tierra
https://www.wikidata.org/wiki/Q1460,place,Sicilia
https://www.wikidata.org/wiki/Q825,mit,Dios
https://www.wikidata.org/wiki/Q29,place,España
https://www.wikidata.org/wiki/Q1460,place,Sicilia
https://www.wikidata.org/wiki/Q5836,place,Toledo
https://www.wikidata.org/wiki/Q29,place,España
https://www.wikidata.org/wiki/Q4018,place,Navarra
https://www.wikidata.org/wiki/Q173063,place,Castilla
https://www.wikidata.org/wiki/Q173063,place,Castilla
https://www.wikidata.org/wiki/Q825,mit,Dios
https://www.wikidata.org/wiki/Q825,mit,Dios
https://www.wikidata.org/wiki/Q635,person,Cleopatra
https://www.wikidata.org/wiki/Q51673,person,Antonio
https://www.wikidata.org/wiki/Q179256,mit,Narciso
https://www.wikidata.org/wiki/Q825,mit,Dios
https://www.wikidata.org/wiki/Q207368,mit,Eco
https://www.wikidata.org/wiki/Q179256,mit,Narciso
https://www.wikidata.org/wiki/Q255448,person,Porcia
https://www.wikidata.org/wiki/Q163920,mit,Adonis
https://www.wikidata.org/wiki/Q47652,mit,Venus
https://www.wikidata.org/wiki/Q164061,mit,Elena
https://www.wikidata.org/wiki/Q167646,mit,Paris
https://www.wikidata.org/wiki/Q187602,mit,Circe
https://www.wikidata.org/wiki/Q38,place,Italia
https://www.wikidata.org/wiki/Q54939,place,Valencia
https://www.wikidata.org/wiki/Q54939,place,Valencia
https://www.wikidata.org/wiki/Q54939,place,Valencia
https://www.wikidata.org/wiki/Q54939,place,Valencia
https://www.wikidata.org/wiki/Q54939,place,Valencia
https://www.wikidata.org/wiki/Q825,mit,Dios
https://www.wikidata.org/wiki/Q2634,place,Nápoles
https://www.wikidata.org/wiki/Q825,mit,Dios
https://www.wikidata.org/wiki/Q8409,person,Alejandro
https://www.wikidata.org/wiki/Q1149081,place,Oriente
https://www.wikidata.org/wiki/Q46,place,Europa
https://www.wikidata.org/wiki/Q825,mit,Dios
https://www.wikidata.org/wiki/Q825,mit,Dios
https://www.wikidata.org/wiki/Q29,place,España
https://www.wikidata.org/wiki/Q29,place,España
https://www.wikidata.org/wiki/Q1460,place,Sicilia
https://www.wikidata.org/wiki/Q825,mit,Dios
https://www.wikidata.org/wiki/Q29,place,España
https://www.wikidata.org/wiki/Q95088,place,Sevilla
https://www.wikidata.org/wiki/Q41,place,Grecia
https://www.wikidata.org/wiki/Q59180,person,Diógenes
https://www.wikidata.org/wiki/Q280872,person,Timón
https://www.wikidata.org/wiki/Q54939,place,Valencia
https://www.wikidata.org/wiki/Q46,place,Europa
https://www.wikidata.org/wiki/Q29,place,España
https://www.wikidata.org/wiki/Q95088,place,Sevilla
https://www.wikidata.org/wiki/Q5723871,place,Baños de la Reina Mora
https://www.wikidata.org/wiki/Q197044,person,Zeusis
https://www.wikidata.org/wiki/Q164061,mit,Elena
https://www.wikidata.org/wiki/Q642200,place,Medina
https://www.wikidata.org/wiki/Q642200,place,Sidonia
https://www.wikidata.org/wiki/Q95088,place,Sevilla
https://www.wikidata.org/wiki/Q222702,place,Tarifa
https://www.wikidata.org/wiki/Q15,place,África
https://www.wikidata.org/wiki/Q122248,mit,Heracles
https://www.wikidata.org/wiki/Q15,place,África
https://www.wikidata.org/wiki/Q642200,place,Medina
https://www.wikidata.org/wiki/Q15,place,África
https://www.wikidata.org/wiki/Q22647,place,Troya
https://www.wikidata.org/wiki/Q642200,place,Sidonia
https://www.wikidata.org/wiki/Q1460,place,Sicilia
https://www.wikidata.org/wiki/Q825,mit,Dios
https://www.wikidata.org/wiki/Q825,mit,Dios
https://www.wikidata.org/wiki/Q179256,mit,Narciso
https://www.wikidata.org/wiki/Q182101,mit,Tántalo
https://www.wikidata.org/wiki/Q220,place,Roma
https://www.wikidata.org/wiki/Q825,mit,Dios
https://www.wikidata.org/wiki/Q16990,place,Mongibelo
https://www.wikidata.org/wiki/Q825,mit,Dios
https://www.wikidata.org/wiki/Q825,mit,Dios
https://www.wikidata.org/wiki/Q54939,place,Valencia
https://www.wikidata.org/wiki/Q95088,place,Sevilla
https://www.wikidata.org/wiki/Q1460,place,Sicilia
https://www.wikidata.org/wiki/Q50193,mit,caballo de Troya
https://www.wikidata.org/wiki/Q29,place,España
https://www.wikidata.org/wiki/Q54939,place,Valencia
https://www.wikidata.org/wiki/Q95088,place,Sevilla
https://www.wikidata.org/wiki/Q641,place,Venecia
https://www.wikidata.org/wiki/Q29,place,España
https://www.wikidata.org/wiki/Q48444,mit,fénix
https://www.wikidata.org/wiki/Q6008280,place,Mecina
https://www.wikidata.org/wiki/Q1460,place,Sicilia
https://www.wikidata.org/wiki/Q29,place,España
https://www.wikidata.org/wiki/Q311405,person,Laso
https://www.wikidata.org/wiki/Q389233,person,Manrique
https://www.wikidata.org/wiki/Q825,mit,Dios
https://www.wikidata.org/wiki/Q825,mit,Dios
https://www.wikidata.org/wiki/Q825,mit,Dios
https://www.wikidata.org/wiki/Q54939,place,Valencia
https://www.wikidata.org/wiki/Q302,mit,Jesús
https://www.wikidata.org/wiki/Q29,place,España
https://www.wikidata.org/wiki/Q3392,place,Nilo
https://www.wikidata.org/wiki/Q29,place,España
https://www.wikidata.org/wiki/Q1460,place,Sicilia
https://www.wikidata.org/wiki/Q2656,place,Palermo
https://www.wikidata.org/wiki/Q29,place,España
https://www.wikidata.org/wiki/Q825,mit,Dios
https://www.wikidata.org/wiki/Q302,mit,Jesús
https://www.wikidata.org/wiki/Q825,mit,Dios
https://www.wikidata.org/wiki/Q825,mit,Dios
https://www.wikidata.org/wiki/Q5813,place,Canaria
https://www.wikidata.org/wiki/Q54939,place,Valencia
https://www.wikidata.org/wiki/Q597,place,Lisboa
https://www.wikidata.org/wiki/Q142,place,Francia
https://www.wikidata.org/wiki/Q183,place,alemanes
https://www.wikidata.org/wiki/Q45,place,portugueses
https://www.wikidata.org/wiki/Q2044,place,Florencia
https://www.wikidata.org/wiki/Q486792,place,Aranjuez
https://www.wikidata.org/wiki/Q29,place,España
https://www.wikidata.org/wiki/Q29,place,España
https://www.wikidata.org/wiki/Q38,place,Italia
https://www.wikidata.org/wiki/Q163920,mit,Adonis
https://www.wikidata.org/wiki/Q47652,mit,Venus
https://www.wikidata.org/wiki/Q825,mit,Dios
https://www.wikidata.org/wiki/Q825,mit,Dios
https://www.wikidata.org/wiki/Q1460,place,Sicilia
https://www.wikidata.org/wiki/Q1460,place,Sicilia
https://www.wikidata.org/wiki/Q2656,place,Palermo
https://www.wikidata.org/wiki/Q193506,person,Catón
https://www.wikidata.org/wiki/Q54939,place,Valencia
https://www.wikidata.org/wiki/Q302,mit,Jesús
https://www.wikidata.org/wiki/Q825,mit,Dios
https://www.wikidata.org/wiki/Q825,mit,Dios
https://www.wikidata.org/wiki/Q54939,place,Valencia
https://www.wikidata.org/wiki/Q825,mit,Dios
https://www.wikidata.org/wiki/Q54939,place,Valencia
https://www.wikidata.org/wiki/Q825,mit,Dios
https://www.wikidata.org/wiki/Q825,mit,Dios
https://www.wikidata.org/wiki/Q54939,place,Valencia
https://www.wikidata.org/wiki/Q29,place,España
https://www.wikidata.org/wiki/Q825,mit,Dios
https://www.wikidata.org/wiki/Q22647,place,Troya
https://www.wikidata.org/wiki/Q663792,mit,Sinón
https://www.wikidata.org/wiki/Q54939,place,Valencia
https://www.wikidata.org/wiki/Q825,mit,Dios
https://www.wikidata.org/wiki/Q29,place,España
https://www.wikidata.org/wiki/Q825,mit,Dios
https://www.wikidata.org/wiki/Q825,mit,Dios
https://www.wikidata.org/wiki/Q825,mit,Dios
https://www.wikidata.org/wiki/Q302,mit,Jesús
https://www.wikidata.org/wiki/Q1149081,place,Oriente
https://www.wikidata.org/wiki/Q825,mit,Dios
https://www.wikidata.org/wiki/Q187602,mit,Circe
https://www.wikidata.org/wiki/Q825,mit,Dios
https://www.wikidata.org/wiki/Q176758,mit,Jasón
https://www.wikidata.org/wiki/Q212262,mit,vellocino
https://www.wikidata.org/wiki/Q54939,place,Valencia
https://www.wikidata.org/wiki/Q187602,mit,Circe
https://www.wikidata.org/wiki/Q142,place,Francia
https://www.wikidata.org/wiki/Q29,place,España
https://www.wikidata.org/wiki/Q29,place,España
https://www.wikidata.org/wiki/Q668,place,India
https://www.wikidata.org/wiki/Q38,place,Italia
https://www.wikidata.org/wiki/Q142,place,Francia
https://www.wikidata.org/wiki/Q501768,place,Berbería
https://www.wikidata.org/wiki/Q825,mit,Dios
https://www.wikidata.org/wiki/Q95088,place,Sevilla
https://www.wikidata.org/wiki/Q181360,mit,arpía
https://www.wikidata.org/wiki/Q825,mit,Dios
https://www.wikidata.org/wiki/Q1460,place,Sicilia
https://www.wikidata.org/wiki/Q825,mit,Dios
https://www.wikidata.org/wiki/Q825,mit,Dios
https://www.wikidata.org/wiki/Q1460,place,Sicilia
https://www.wikidata.org/wiki/Q95088,place,Sevilla
https://www.wikidata.org/wiki/Q95088,place,Sevilla
https://www.wikidata.org/wiki/Q179256,mit,Narciso
https://www.wikidata.org/wiki/Q1210,place,Lombardía
https://www.wikidata.org/wiki/Q1091243,place,El laberinto de Creta
https://www.wikidata.org/wiki/Q130818,mit,Atalante
https://www.wikidata.org/wiki/Q69034392,place,el jardín de Falerina
https://www.wikidata.org/wiki/Q1016,place,Libia
https://www.wikidata.org/wiki/Q57751375,place,Arabia
https://www.wikidata.org/wiki/Q825,mit,Dios
https://www.wikidata.org/wiki/Q825,mit,Dios
https://www.wikidata.org/wiki/Q302,mit,Jesús
https://www.wikidata.org/wiki/Q181360,mit,harpía
https://www.wikidata.org/wiki/Q182559,mit,sirena
https://www.wikidata.org/wiki/Q825,mit,Dios
https://www.wikidata.org/wiki/Q235113,mit,ángel
https://www.wikidata.org/wiki/Q373916,mit,ninfas
https://www.wikidata.org/wiki/Q142,place,Francia
https://www.wikidata.org/wiki/Q235113,mit,ángel
https://www.wikidata.org/wiki/Q47652,mit,Venus
https://www.wikidata.org/wiki/Q164061,mit,Elena
https://www.wikidata.org/wiki/Q37340,mit,Apolo
https://www.wikidata.org/wiki/Q1150,mit,Mercurio
https://www.wikidata.org/wiki/Q112,mit,Marte
https://www.wikidata.org/wiki/Q132543,mit,Diana
https://www.wikidata.org/wiki/Q132543,mit,Dianas
https://www.wikidata.org/wiki/Q165769,mit,Penélope
https://www.wikidata.org/wiki/Q229432,person,Lucrecia
https://www.wikidata.org/wiki/Q255448,mit,Porcia
https://www.wikidata.org/wiki/Q172248,person,Bruto
https://www.wikidata.org/wiki/Q229432,mit,Lucrecias
https://www.wikidata.org/wiki/Q82866,event,Cuaresma
https://www.wikidata.org/wiki/Q825,mit,Dios
https://www.wikidata.org/wiki/Q5011,mit,Amor
https://www.wikidata.org/wiki/Q825,mit,Dios
https://www.wikidata.org/wiki/Q825,mit,Dios
https://www.wikidata.org/wiki/Q825,mit,Dios
https://www.wikidata.org/wiki/Q50193,mit,gran caballo troyano
https://www.wikidata.org/wiki/Q969022,person,San Ginés
https://www.wikidata.org/wiki/Q825,mit,Dios
https://www.wikidata.org/wiki/Q825,mit,Dios
https://www.wikidata.org/wiki/Q825,mit,Dios
https://www.wikidata.org/wiki/Q302,mit,Jesús
https://www.wikidata.org/wiki/Q825,mit,Dios
https://www.wikidata.org/wiki/Q825,mit,Dios
https://www.wikidata.org/wiki/Q302,mit,Cristo
https://www.wikidata.org/wiki/Q289957,mit,Jacob
https://www.wikidata.org/wiki/Q207389,mit,Raquel
https://www.wikidata.org/wiki/Q128847,mit,Lía
https://www.wikidata.org/wiki/Q194015,mit,Dafne
https://www.wikidata.org/wiki/Q825,mit,Dios
https://www.wikidata.org/wiki/Q3954,mit,Neptuno
https://www.wikidata.org/wiki/Q182559,mit,sirenas
https://www.wikidata.org/wiki/Q825,mit,Dios
https://www.wikidata.org/wiki/Q825,mit,Dios
https://www.wikidata.org/wiki/Q194015,mit,Dafne
https://www.wikidata.org/wiki/Q14376066,mit,hoy en laurel convertida
https://www.wikidata.org/wiki/Q825,mit,Dios
https://www.wikidata.org/wiki/Q1413,mit,Nerón
https://www.wikidata.org/wiki/Q220,place,Roma
https://www.wikidata.org/wiki/Q1149081,place,Oriente
https://www.wikidata.org/wiki/Q604898,mit,Lucina
https://www.wikidata.org/wiki/Q825,mit,Dios
https://www.wikidata.org/wiki/Q5011,mit,Amor
https://www.wikidata.org/wiki/Q182559,mit,sirena
https://www.wikidata.org/wiki/Q5011,mit,Cupido
https://www.wikidata.org/wiki/Q1149081,mit,Oriente
https://www.wikidata.org/wiki/Q825,mit,Dios
https://www.wikidata.org/wiki/Q5011,mit,Amor
https://www.wikidata.org/wiki/Q235113,mit,ángel
https://www.wikidata.org/wiki/Q825,mit,Dios
https://www.wikidata.org/wiki/Q825,mit,Dios
https://www.wikidata.org/wiki/Q825,mit,Dios
https://www.wikidata.org/wiki/Q825,mit,Dios
https://www.wikidata.org/wiki/Q187602,mit,Circe
https://www.wikidata.org/wiki/Q174278,mit,Medea
https://www.wikidata.org/wiki/Q488621,mit,Anajareta
https://www.wikidata.org/wiki/Q825,mit,Dios
https://www.wikidata.org/wiki/Q825,mit,Dios
https://www.wikidata.org/wiki/Q825,mit,Dios
https://www.wikidata.org/wiki/Q302,mit,Jesucristo
https://www.wikidata.org/wiki/Q825,mit,Dios
https://www.wikidata.org/wiki/Q6674,mit,diablo
https://www.wikidata.org/wiki/Q182559,mit,sirena
https://www.wikidata.org/wiki/Q825,mit,Dios
https://www.wikidata.org/wiki/Q825,mit,Dios
https://www.wikidata.org/wiki/Q825,mit,Dios
https://www.wikidata.org/wiki/Q825,mit,Dios
https://www.wikidata.org/wiki/Q5011,mit,Cupido
https://www.wikidata.org/wiki/Q825,mit,Dios
https://www.wikidata.org/wiki/Q5011,mit,Amor
https://www.wikidata.org/wiki/Q235113,mit,ángel
https://www.wikidata.org/wiki/Q235113,mit,ángel
https://www.wikidata.org/wiki/Q194077,mit,serafín
https://www.wikidata.org/wiki/Q43423,person,Isopo 
https://www.wikidata.org/wiki/Q5011,mit,Amor
https://www.wikidata.org/wiki/Q1614795,place,Lerma
https://www.wikidata.org/wiki/Q174278,mit,Medea
https://www.wikidata.org/wiki/Q75459,mit,Delfos
https://www.wikidata.org/wiki/Q1048,person,César
https://www.wikidata.org/wiki/Q1048,person,César
https://www.wikidata.org/wiki/Q5011,mit,Cupido
https://www.wikidata.org/wiki/Q5011,mit,Amor
https://www.wikidata.org/wiki/Q302,mit,Jesús
https://www.wikidata.org/wiki/Q189901,place,Argos
https://www.wikidata.org/wiki/Q5011,mit,Amor
https://www.wikidata.org/wiki/Q160730,mit,Medusa
https://www.wikidata.org/wiki/Q302,mit,Jesús
https://www.wikidata.org/wiki/Q825,mit,Dios
https://www.wikidata.org/wiki/Q5011,mit,Amor
https://www.wikidata.org/wiki/Q825,mit,Dios
https://www.wikidata.org/wiki/Q825,mit,Dios
https://www.wikidata.org/wiki/Q825,mit,Dios
https://www.wikidata.org/wiki/Q302,mit,Jesucristo
https://www.wikidata.org/wiki/Q825,mit,Dios
https://www.wikidata.org/wiki/Q825,mit,Dios
https://www.wikidata.org/wiki/Q174546,mit,Antecristo
https://www.wikidata.org/wiki/Q825,mit,Dios
https://www.wikidata.org/wiki/Q302,mit,Jesús
https://www.wikidata.org/wiki/Q302,mit,Jesús
https://www.wikidata.org/wiki/Q825,mit,Dios
https://www.wikidata.org/wiki/Q1821239,mit,día del Juicio
https://www.wikidata.org/wiki/Q302,mit,Cristo
https://www.wikidata.org/wiki/Q825,mit,Dios
https://www.wikidata.org/wiki/Q825,mit,Dios
https://www.wikidata.org/wiki/Q828579,mit,Salmacis
https://www.wikidata.org/wiki/Q207368,mit,Eco
https://www.wikidata.org/wiki/Q204146,mit,Hermafrodito
https://www.wikidata.org/wiki/Q825,mit,Dios
https://www.wikidata.org/wiki/Q825,mit,Dios
https://www.wikidata.org/wiki/Q81018,mit,Judas
https://www.wikidata.org/wiki/Q5011,mit,Cupido
https://www.wikidata.org/wiki/Q302,mit,Jesús
https://www.wikidata.org/wiki/Q825,mit,Dios
https://www.wikidata.org/wiki/Q5011,mit,Amor
https://www.wikidata.org/wiki/Q5011,mit,Amor
https://www.wikidata.org/wiki/Q5011,mit,Amor
https://www.wikidata.org/wiki/Q825,mit,Dios
https://www.wikidata.org/wiki/Q302,mit,Jesús
https://www.wikidata.org/wiki/Q825,mit,Dios
https://www.wikidata.org/wiki/Q181360,mit,harpias
https://www.wikidata.org/wiki/Q825,mit,Dios
https://www.wikidata.org/wiki/Q825,mit,Dios
https://www.wikidata.org/wiki/Q1944965,person,infanta Urraca
https://www.wikidata.org/wiki/Q6674,mit,diablo
https://www.wikidata.org/wiki/Q825,mit,Dios
https://www.wikidata.org/wiki/Q825,mit,Dios
https://www.wikidata.org/wiki/Q825,mit,Dios
https://www.wikidata.org/wiki/Q825,mit,Dios
https://www.wikidata.org/wiki/Q825,mit,Dios
https://www.wikidata.org/wiki/Q623407,place,Numancia
https://www.wikidata.org/wiki/Q509817,person,CIPIÓN
https://www.wikidata.org/wiki/Q130614,place,Senado romano
https://www.wikidata.org/wiki/Q1503611,event,Guerra
https://www.wikidata.org/wiki/Q156173,person,JUGURTA
https://www.wikidata.org/wiki/Q509817,person,Cipión
https://www.wikidata.org/wiki/Q509817,person,CIPIÓN
https://www.wikidata.org/wiki/Q177975,person,Mario
https://www.wikidata.org/wiki/Q177975,person,MARIO
https://www.wikidata.org/wiki/Q177975,person,MARIO
https://www.wikidata.org/wiki/Q156173,person,JUGURTA
https://www.wikidata.org/wiki/Q3134,place,Calisto
https://www.wikidata.org/wiki/Q3134,place,Calisto
https://www.wikidata.org/wiki/Q29,place,España
https://www.wikidata.org/wiki/Q47652,mit,Venus
https://www.wikidata.org/wiki/Q112,mit,Marte
https://www.wikidata.org/wiki/Q623407,place,Numancia
https://www.wikidata.org/wiki/Q1503611,event,guerra
https://www.wikidata.org/wiki/Q47652,mit,Venus
https://www.wikidata.org/wiki/Q645312,mit,Baco
https://www.wikidata.org/wiki/Q623407,place,Numancia
https://www.wikidata.org/wiki/Q112,mit,Marte
https://www.wikidata.org/wiki/Q509817,person,Cipión
https://www.wikidata.org/wiki/Q274545,person,QUINTO FABIO
https://www.wikidata.org/wiki/Q274545,person,QUINTO FABIO
https://www.wikidata.org/wiki/Q48444,mit,fénix
https://www.wikidata.org/wiki/Q14299,place,Duero
https://www.wikidata.org/wiki/Q14299,place,Duero
https://www.wikidata.org/wiki/Q14294,place,Tajo
https://www.wikidata.org/wiki/Q191481,mit,Proteo
https://www.wikidata.org/wiki/Q237,place,Vaticano
https://www.wikidata.org/wiki/Q179293,place,tres reinos
https://www.wikidata.org/wiki/Q179293,place,Castilla
https://www.wikidata.org/wiki/Q29,place,España
https://www.wikidata.org/wiki/Q14299,place,Duero
https://www.wikidata.org/wiki/Q4649,mit,Júpiter
https://www.wikidata.org/wiki/Q4649,mit,Júpiter
https://www.wikidata.org/wiki/Q4649,mit,Júpiter
https://www.wikidata.org/wiki/Q112,mit,Marte
https://www.wikidata.org/wiki/Q4649,mit,Júpiter
https://www.wikidata.org/wiki/Q4649,mit,Júpiter
https://www.wikidata.org/wiki/Q4649,mit,Júpiter
https://www.wikidata.org/wiki/Q4649,mit,Júpiter
https://www.wikidata.org/wiki/Q152262,mit,Plutón
https://www.wikidata.org/wiki/Q32102,mit,Ceres
https://www.wikidata.org/wiki/Q8843276,mit,Estigio lago
https://www.wikidata.org/wiki/Q8843276,mit,negra laguna
https://www.wikidata.org/wiki/Q182790,mit,quimeras
https://www.wikidata.org/wiki/Q4649,mit,Eterno padre
https://www.wikidata.org/wiki/Q4649,mit,Júpiter
https://www.wikidata.org/wiki/Q32500,person,Carlos
https://www.wikidata.org/wiki/Q34417,person,Filipo
https://www.wikidata.org/wiki/Q12860,person,Fernando
https://www.wikidata.org/wiki/Q18808444,place,templo de Dïana
https://www.wikidata.org/wiki/Q331889,person,VARIATO
https://www.wikidata.org/wiki/Q559871,person,SERVIO
https://www.wikidata.org/wiki/Q331889,person,VARIATO
https://www.wikidata.org/wiki/Q559871,person,SERVIO
https://www.wikidata.org/wiki/Q331889,person,VARIATO
https://www.wikidata.org/wiki/Q559871,person,SERVIO
https://www.wikidata.org/wiki/Q3351722,mit,Olimpio
https://www.wikidata.org/wiki/Q274545,person,FABIO
https://www.wikidata.org/wiki/Q220,place,Roma
https://www.wikidata.org/wiki/Q274545,person,QUINTO FABIO
https://www.wikidata.org/wiki/Q29,place,España
https://www.wikidata.org/wiki/Q118992,person,MENANDRO
https://www.wikidata.org/wiki/Q3991395,mit,Timbreo
https://www.wikidata.org/wiki/Q3991395,mit,TIMBREO
https://www.wikidata.org/wiki/Q535107,mit,Camila
https://www.wikidata.org/wiki/Q43018,place,templo de Diana
https://www.wikidata.org/wiki/Q118992,person,Menandro
https://www.wikidata.org/wiki/Q535107,mit,Camila
https://www.wikidata.org/wiki/Q47652,mit,Venus
https://www.wikidata.org/wiki/Q1150,mit,Mercurio
https://www.wikidata.org/wiki/Q118992,person,MENANDRO
https://www.wikidata.org/wiki/Q3991395,mit,TIMBREO
https://www.wikidata.org/wiki/Q118992,person,Menandro
https://www.wikidata.org/wiki/Q3991395,mit,TIMBREO
https://www.wikidata.org/wiki/Q118992,person,Menandro
https://www.wikidata.org/wiki/Q118992,person,MENANDRO
https://www.wikidata.org/wiki/Q37340,mit,Apolo
https://www.wikidata.org/wiki/Q373916,mit,Ninfa
https://www.wikidata.org/wiki/Q190323,mit,ATALANTA
https://www.wikidata.org/wiki/Q208588,mit,la mujer de Orfeo
https://www.wikidata.org/wiki/Q174353,mit,Orfeo
https://www.wikidata.org/wiki/Q37340,mit,Apolo
https://www.wikidata.org/wiki/Q512388,mit,Androgeo
https://www.wikidata.org/wiki/Q506770,mit,Himeneo
https://www.wikidata.org/wiki/Q38279853,place,rico templo
https://www.wikidata.org/wiki/Q37340,mit,Apolo
https://www.wikidata.org/wiki/Q20107930,place,oráculo
https://www.wikidata.org/wiki/Q3991395,mit,Timbreo
https://www.wikidata.org/wiki/Q37340,mit,Apolo
https://www.wikidata.org/wiki/Q825,mit,Dios
https://www.wikidata.org/wiki/Q535107,mit,CAMILA
https://www.wikidata.org/wiki/Q220344,mit,oráculo
https://www.wikidata.org/wiki/Q82073852,place,sagrado altar
https://www.wikidata.org/wiki/Q194015,mit,Dafnes
https://www.wikidata.org/wiki/Q220344,mit,Oráculo
https://www.wikidata.org/wiki/Q37340,mit,Dios
https://www.wikidata.org/wiki/Q82070,place,Tiro
https://www.wikidata.org/wiki/Q37340,mit,Apolo
https://www.wikidata.org/wiki/Q47652,mit,Venus
https://www.wikidata.org/wiki/Q4649,mit,planeta quinto
https://www.wikidata.org/wiki/Q4649,mit,Júpiter
https://www.wikidata.org/wiki/Q4649,mit,Júpiter
https://www.wikidata.org/wiki/Q208531,mit,Anteón
https://www.wikidata.org/wiki/Q961202,event,epiciclo
https://www.wikidata.org/wiki/Q825,mit,Dios
https://www.wikidata.org/wiki/Q190323,mit,ATALANTA
https://www.wikidata.org/wiki/Q37340,mit,Apolo
https://www.wikidata.org/wiki/Q37340,mit,él
https://www.wikidata.org/wiki/Q75459,place,Délfico
https://www.wikidata.org/wiki/Q173148,place,Delio
https://www.wikidata.org/wiki/Q285086,place,Cintio
https://www.wikidata.org/wiki/Q12212276,place,Didimeo
https://www.wikidata.org/wiki/Q190323,mit,Atalanta
https://www.wikidata.org/wiki/Q190323,mit,ATALANTA
https://www.wikidata.org/wiki/Q825,mit,Dios
https://www.wikidata.org/wiki/Q12898802,place,Montes de Arcadia
https://www.wikidata.org/wiki/Q47652,mit,VENUS
https://www.wikidata.org/wiki/Q5011,mit,Cupido
https://www.wikidata.org/wiki/Q112,sangriento soldado
https://www.wikidata.org/wiki/Q4640,mit,Vulcano
https://www.wikidata.org/wiki/Q5011,mit,CUPIDO
https://www.wikidata.org/wiki/Q825,mit,Dios
https://www.wikidata.org/wiki/Q47652,mit,VENUS
https://www.wikidata.org/wiki/Q5011,mit,CUPIDO
https://www.wikidata.org/wiki/Q240679,mit,Hércules
https://www.wikidata.org/wiki/Q180237,mit,Fitón
https://www.wikidata.org/wiki/Q112,mit,Marte
https://www.wikidata.org/wiki/Q47652,mit,ninfa hermosa
https://www.wikidata.org/wiki/Q211953,mit,Anquises
https://www.wikidata.org/wiki/Q132543,mit,Diana
https://www.wikidata.org/wiki/Q771366,mit,Mirra
https://www.wikidata.org/wiki/Q878246,mit,a su mismo padre
https://www.wikidata.org/wiki/Q878246,mit,El Rey
https://www.wikidata.org/wiki/Q878246,mit,Ciniras
https://www.wikidata.org/wiki/Q771366,mit,Mirra
https://www.wikidata.org/wiki/Q216068,place,Sabá
https://www.wikidata.org/wiki/Q604898,mit,Lucina
https://www.wikidata.org/wiki/Q163920,mit,Adonis
https://www.wikidata.org/wiki/Q152519,mit,basilisco
https://www.wikidata.org/wiki/Q163920,mit,ADONIS
https://www.wikidata.org/wiki/Q825,mit,Dios
https://www.wikidata.org/wiki/Q163920,mit,Adonis
https://www.wikidata.org/wiki/Q825,mit,Dios
https://www.wikidata.org/wiki/Q112,mit,Dios de la guerra
https://www.wikidata.org/wiki/Q112,mit,Marte
https://www.wikidata.org/wiki/Q4640,mit,marido
https://www.wikidata.org/wiki/Q37340,mit,Febo
https://www.wikidata.org/wiki/Q37340,mit,Febo
https://www.wikidata.org/wiki/Q37340,mit,Febo
https://www.wikidata.org/wiki/Q37340,mit,Febo
https://www.wikidata.org/wiki/Q229,place,Chipre
https://www.wikidata.org/wiki/Q203480,mit,Faetón
https://www.wikidata.org/wiki/Q825,mit,Dios
https://www.wikidata.org/wiki/Q1455747,mit,HIPÓMENES
https://www.wikidata.org/wiki/Q1455747,mit,HIPÓMENES
https://www.wikidata.org/wiki/Q1455747,mit,HIPÓMENES
https://www.wikidata.org/wiki/Q825,mit,Dios
https://www.wikidata.org/wiki/Q190323,mit,Atalanta
https://www.wikidata.org/wiki/Q38279853,place,al templo de Apolo
https://www.wikidata.org/wiki/Q37340,mit,divino dios Febeo
https://www.wikidata.org/wiki/Q825,mit,Dios
https://www.wikidata.org/wiki/Q190323,mit,la bella ninfa hermosa
https://www.wikidata.org/wiki/Q373916,mit,ninfa
https://www.wikidata.org/wiki/Q825,mit,Dios
https://www.wikidata.org/wiki/Q247446,mit,rey Megareo
https://www.wikidata.org/wiki/Q47652,mit,Reina de las estrellas
https://www.wikidata.org/wiki/Q47652,mit,lucero
https://www.wikidata.org/wiki/Q47652,mit,madre de amor
https://www.wikidata.org/wiki/Q47652,mit,retrato verdadero
https://www.wikidata.org/wiki/Q47652,mit,de la piedad
https://www.wikidata.org/wiki/Q207273,mit,JACINTO
https://www.wikidata.org/wiki/Q5011,mit,Cupidillo
https://www.wikidata.org/wiki/Q131588,mit,GANIMEDES
https://www.wikidata.org/wiki/Q179256,mit,Narciso
https://www.wikidata.org/wiki/Q179256,mit,NARCISO
https://www.wikidata.org/wiki/Q131588,mit,GANIMEDES
https://www.wikidata.org/wiki/Q179256,mit,NARCISO
https://www.wikidata.org/wiki/Q207273,mit,JACINTO
https://www.wikidata.org/wiki/Q207273,mit,JACINTO
https://www.wikidata.org/wiki/Q131588,mit,Ganimedes
https://www.wikidata.org/wiki/Q131588,mit,GANIMEDES
https://www.wikidata.org/wiki/Q825,mit,Dios
https://www.wikidata.org/wiki/Q207273,mit,Jacinto
https://www.wikidata.org/wiki/Q207273,mit,JACINTO
https://www.wikidata.org/wiki/Q229,mit,Chipre
https://www.wikidata.org/wiki/Q825,mit,Dios
https://www.wikidata.org/wiki/Q905162,mit,Dido
https://www.wikidata.org/wiki/Q220,place,Roma
https://www.wikidata.org/wiki/Q29,place,España
https://www.wikidata.org/wiki/Q22647,place,Troya
https://www.wikidata.org/wiki/Q47652,mit,madre
https://www.wikidata.org/wiki/Q112,mit,Marte
https://www.wikidata.org/wiki/Q134270,mit,Sol
https://www.wikidata.org/wiki/Q5011,mit,niño
https://www.wikidata.org/wiki/Q4649,mit,Júpiter
https://www.wikidata.org/wiki/Q47652,mit,Pastora celestial
https://www.wikidata.org/wiki/Q47652,mit,belleza angélica
https://www.wikidata.org/wiki/Q184874,mit,Arïadna
https://www.wikidata.org/wiki/Q161582,mit,Andrómeda
https://www.wikidata.org/wiki/Q103975,mit,Calíope
https://www.wikidata.org/wiki/Q190323,mit,esposa
https://www.wikidata.org/wiki/Q134270,mit,Sol
https://www.wikidata.org/wiki/Q37340,mit,Febo
https://www.wikidata.org/wiki/Q47652,mit,lasciva madre
https://www.wikidata.org/wiki/Q4640,mit,Vulcano
https://www.wikidata.org/wiki/Q684,place,Oriente
https://www.wikidata.org/wiki/Q679,place,Poniente
https://www.wikidata.org/wiki/Q2,place,tierra
https://www.wikidata.org/wiki/Q25322,place,Ártico
https://www.wikidata.org/wiki/Q183273,place,polos
https://www.wikidata.org/wiki/Q203673,mit,Calixto
https://www.wikidata.org/wiki/Q131585,mit,Luna
https://www.wikidata.org/wiki/Q272047,mit,Endimión
https://www.wikidata.org/wiki/Q194015,mit,Dafnes
https://www.wikidata.org/wiki/Q5011,mit,niño Amor
https://www.wikidata.org/wiki/Q152262,mit,Plutón
https://www.wikidata.org/wiki/Q14515330,mit,Proserpina
https://www.wikidata.org/wiki/Q3991817,mit,TESIFONTE
https://www.wikidata.org/wiki/Q3991817,mit,Tesifonte
https://www.wikidata.org/wiki/Q182101,mit,Tántalos
https://www.wikidata.org/wiki/Q83160,mit,Prometeos
https://www.wikidata.org/wiki/Q3991817,mit,Tesifonte
https://www.wikidata.org/wiki/Q46,place,Europa
https://www.wikidata.org/wiki/Q48,place,Asia
https://www.wikidata.org/wiki/Q15,place,África
https://www.wikidata.org/wiki/Q41,place,Grecia
https://www.wikidata.org/wiki/Q22647,place,Troya
https://www.wikidata.org/wiki/Q170779,mit,Casandra
https://www.wikidata.org/wiki/Q12898802,place,Arcadia
https://www.wikidata.org/wiki/Q102561,mit,Sísifo
https://www.wikidata.org/wiki/Q271891,mit,Ixïon
https://www.wikidata.org/wiki/Q6612,mit,Caronte
https://www.wikidata.org/wiki/Q193609,mit,Radamanto
https://www.wikidata.org/wiki/Q83496,mit,Cancerbero
https://www.wikidata.org/wiki/Q163920,mit,Adonis
https://www.wikidata.org/wiki/Q57751375,mit,Arabia
https://www.wikidata.org/wiki/Q270710,mit,limbo
https://www.wikidata.org/wiki/Q825,mit,Dios
https://www.wikidata.org/wiki/Q619300,mit,Amadríades
https://www.wikidata.org/wiki/Q5011,mit,Niño
https://www.wikidata.org/wiki/Q163920,mit,Él
https://www.wikidata.org/wiki/Q47652,mit,ella
https://www.wikidata.org/wiki/Q22647,place,Troya
https://www.wikidata.org/wiki/Q29,place,España
https://www.wikidata.org/wiki/Q220,place,Roma
https://www.wikidata.org/wiki/Q6343,place,Cartago
https://www.wikidata.org/wiki/Q203480,mit,Faetón
https://www.wikidata.org/wiki/Q37340,mit,yo
https://www.wikidata.org/wiki/Q3991817,mit,Tesifonte
https://www.wikidata.org/wiki/Q37340,mit,Delio
https://www.wikidata.org/wiki/Q115449,mit,Filomela
https://www.wikidata.org/wiki/Q725286,mit,Coronis
https://www.wikidata.org/wiki/Q1231743,mit,Progne
https://www.wikidata.org/wiki/Q602258,mit,Melampo
https://www.wikidata.org/wiki/Q190103,mit,Castor
https://www.wikidata.org/wiki/Q452077,mit,Menipo
https://www.wikidata.org/wiki/Q118992,person,MENANDRO
https://www.wikidata.org/wiki/Q118992,person,MENANDRO
https://www.wikidata.org/wiki/Q163920,mit,él
https://www.wikidata.org/wiki/Q220344,mit,oráculo
https://www.wikidata.org/wiki/Q37340,mit,Febo
https://www.wikidata.org/wiki/Q8717,place,Sevilla
https://www.wikidata.org/wiki/Q210372,mit,D. JUAN
https://www.wikidata.org/wiki/Q210372,mit,D. JUAN
https://www.wikidata.org/wiki/Q210372,mit,D. JUAN
https://www.wikidata.org/wiki/Q210372,mit,villano
https://www.wikidata.org/wiki/Q29,place,España
https://www.wikidata.org/wiki/Q2634,place,Nápoles
https://www.wikidata.org/wiki/Q426339,place,palacio real
https://www.wikidata.org/wiki/Q217196,place,Castilla
https://www.wikidata.org/wiki/Q2634,place,Nápoles
https://www.wikidata.org/wiki/Q38882,place,mar
https://www.wikidata.org/wiki/Q38,place,Italia
https://www.wikidata.org/wiki/Q38,place,Italia
https://www.wikidata.org/wiki/Q1460,place,Sicilia
https://www.wikidata.org/wiki/Q490,place,Milán
https://www.wikidata.org/wiki/Q29,place,España
https://www.wikidata.org/wiki/Q825,mit,Dios
https://www.wikidata.org/wiki/Q50193,event,caballo griego
https://www.wikidata.org/wiki/Q825,mit,Dios
https://www.wikidata.org/wiki/Q825,mit,Dios
https://www.wikidata.org/wiki/Q5823,place,Ceuta
https://www.wikidata.org/wiki/Q126148,place,Tánger
https://www.wikidata.org/wiki/Q919536,place,Villaverde
https://www.wikidata.org/wiki/Q580391,place,Almendral
https://www.wikidata.org/wiki/Q551056,place,Mértola
https://www.wikidata.org/wiki/Q1640239,place,Herrera
https://www.wikidata.org/wiki/Q173063,place,Castilla
https://www.wikidata.org/wiki/Q45,place,Portugal
https://www.wikidata.org/wiki/Q597,place,Lisboa
https://www.wikidata.org/wiki/Q29,place,España
https://www.wikidata.org/wiki/Q597,place,Lisboa
https://www.wikidata.org/wiki/Q29,place,España
https://www.wikidata.org/wiki/Q15098,place,Cuenca
https://www.wikidata.org/wiki/Q15098,place,Cuenca
https://www.wikidata.org/wiki/Q14294,place,Tajo
https://www.wikidata.org/wiki/Q29,place,España
https://www.wikidata.org/wiki/Q3954,mit,Neptuno
https://www.wikidata.org/wiki/Q273059,place,Cascaes
https://www.wikidata.org/wiki/Q389205,place,Alcántara
https://www.wikidata.org/wiki/Q216822,person,Apeles
https://www.wikidata.org/wiki/Q220,place,Romas
https://www.wikidata.org/wiki/Q597,place,Lisboa
https://www.wikidata.org/wiki/Q831469,place,Bética
https://www.wikidata.org/wiki/Q831469,place,Bética
https://www.wikidata.org/wiki/Q684,place,Oriente
https://www.wikidata.org/wiki/Q45,place,Portugal
https://www.wikidata.org/wiki/Q597,place,su casa regia
https://www.wikidata.org/wiki/Q142,place,Francia
https://www.wikidata.org/wiki/Q21,place,Ingalaterra
https://www.wikidata.org/wiki/Q1478288,place,palacio real
https://www.wikidata.org/wiki/Q14294,place,Tajo
https://www.wikidata.org/wiki/Q47231,mit,Ulises
https://www.wikidata.org/wiki/Q47231,mit,Ulises
https://www.wikidata.org/wiki/Q597,place,Ulisibona
https://www.wikidata.org/wiki/Q587697,person,rey don Alfonso Enríquez
https://www.wikidata.org/wiki/Q738004,place,Sierra de Estrella
https://www.wikidata.org/wiki/Q8717,place,Sevilla
https://www.wikidata.org/wiki/Q82732,mit,Eneas
https://www.wikidata.org/wiki/Q905162,mit,reina de Cartago
https://www.wikidata.org/wiki/Q825,mit,Dios
https://www.wikidata.org/wiki/Q22647,place,Troya
https://www.wikidata.org/wiki/Q22647,place,Troyas
https://www.wikidata.org/wiki/Q159666,mit,Héctor
https://www.wikidata.org/wiki/Q462844,place,Ulloa
https://www.wikidata.org/wiki/Q1048,person,César
https://www.wikidata.org/wiki/Q1048,person,César
https://www.wikidata.org/wiki/Q217196,place,Castilla
https://www.wikidata.org/wiki/Q2634,place,Nápoles
https://www.wikidata.org/wiki/Q2634,place,Nápoles
https://www.wikidata.org/wiki/Q10305,place,El barrio de Cantarranas
https://www.wikidata.org/wiki/Q601893,place,Tolú
https://www.wikidata.org/wiki/Q597,place,Lisboa
https://www.wikidata.org/wiki/Q261085,place,Lebrija
https://www.wikidata.org/wiki/Q70899,mit,Adán
https://www.wikidata.org/wiki/Q498261,place,Alcázar
https://www.wikidata.org/wiki/Q22647,place,Troya
https://www.wikidata.org/wiki/Q38,place,Italia
https://www.wikidata.org/wiki/Q38,place,Italia
https://www.wikidata.org/wiki/Q756910,org,Calatrava
https://www.wikidata.org/wiki/Q41553,mit,Coloso de Rodas
https://www.wikidata.org/wiki/Q19546,person,Papa
https://www.wikidata.org/wiki/Q14309,place,Guadalquivides
https://www.wikidata.org/wiki/Q5684,place,Babilonias
https://www.wikidata.org/wiki/Q35230,mit,Lucifer
https://www.wikidata.org/wiki/Q180141,place,Sodoma
https://www.wikidata.org/wiki/Q564,mit,infierno
https://www.wikidata.org/wiki/Q161652,place,japón
https://www.wikidata.org/wiki/Q564,mit,infierno
https://www.wikidata.org/wiki/Q15088,place,En Tarragona
https://www.wikidata.org/wiki/Q8818,place,Valencia
https://www.wikidata.org/wiki/Q210372,mit,don Juan Tenorio
https://www.wikidata.org/wiki/Q4918,place,Robusto mar de España
https://www.wikidata.org/wiki/Q22647,place,Troya
https://www.wikidata.org/wiki/Q4918,place,mar
https://www.wikidata.org/wiki/Q1394174,person,San Panuncio
https://www.wikidata.org/wiki/Q498261,place,Alcázar
https://www.wikidata.org/wiki/Q498261,place,Alcázar
https://www.wikidata.org/wiki/Q4948,place,Venecia
https://www.wikidata.org/wiki/Q161936,mit,señora Muerte
https://www.wikidata.org/wiki/Q16869,place,Costantinopla
https://www.wikidata.org/wiki/Q586018,place,Osuna
https://www.wikidata.org/wiki/Q6499496,person,Laura Terracina
https://www.wikidata.org/wiki/Q272497,person,Ana Bins
https://www.wikidata.org/wiki/Q17892,person,Sapho
https://www.wikidata.org/wiki/Q257448,person,Valeria
https://www.wikidata.org/wiki/Q12898817,person,Argentaria
https://www.wikidata.org/wiki/Q520504,person,Vicente Espinel
https://www.wikidata.org/wiki/Q825,mit,Dios
https://www.wikidata.org/wiki/Q114713796,person,Mariana Vaca
https://www.wikidata.org/wiki/Q450246,person,fray Luis
https://www.wikidata.org/wiki/Q450246,person,fray Luis
https://www.wikidata.org/wiki/Q825,mit,Dios
https://www.wikidata.org/wiki/Q530936,event,Siglo Dorado
https://www.wikidata.org/wiki/Q5720,place,Valencia
https://www.wikidata.org/wiki/Q220,place,Roma
https://www.wikidata.org/wiki/Q235113,mit,ángel
https://www.wikidata.org/wiki/Q825,mit,Dios
https://www.wikidata.org/wiki/Q39503,mit,Artemisa
https://www.wikidata.org/wiki/Q220,place,Roma
https://www.wikidata.org/wiki/Q302,mit,Jesús
https://www.wikidata.org/wiki/Q825,mit,Dios
https://www.wikidata.org/wiki/Q825,mit,Dios
https://www.wikidata.org/wiki/Q825,mit,Dios
https://www.wikidata.org/wiki/Q825,mit,Dios
https://www.wikidata.org/wiki/Q7559,mit,dragones
https://www.wikidata.org/wiki/Q317932,mit,Argos
https://www.wikidata.org/wiki/Q212262,mit,vellocino
https://www.wikidata.org/wiki/Q48853,mit,Angélica
https://www.wikidata.org/wiki/Q494762,mit,Júpiter cisne
https://www.wikidata.org/wiki/Q48444,mit,Fenis
https://www.wikidata.org/wiki/Q1231003,place,Concentaina
https://www.wikidata.org/wiki/Q50202305,place,Puñoenrostro
https://www.wikidata.org/wiki/Q825,mit,Dios
https://www.wikidata.org/wiki/Q5011,mit,Amor
https://www.wikidata.org/wiki/Q1285,place,Apenino
https://www.wikidata.org/wiki/Q1016,place,Libia
https://www.wikidata.org/wiki/Q57751375,place,Arabia
https://www.wikidata.org/wiki/Q83311,place,Persia
https://www.wikidata.org/wiki/Q15,place,África
https://www.wikidata.org/wiki/Q1028,place,Marruecos
https://www.wikidata.org/wiki/Q34274,mit,Evangelio
https://www.wikidata.org/wiki/Q40662,mit,San Juan
https://www.wikidata.org/wiki/Q13409873,mit,Píramo
https://www.wikidata.org/wiki/Q10696861,mit,Tisbe
https://www.wikidata.org/wiki/Q825,mit,Dios
https://www.wikidata.org/wiki/Q297776,person,Dioscórides
https://www.wikidata.org/wiki/Q1541,person,Tulio
https://www.wikidata.org/wiki/Q235113,mit,Ángel
https://www.wikidata.org/wiki/Q825,mit,Dios
https://www.wikidata.org/wiki/Q825,mit,Dios
https://www.wikidata.org/wiki/Q825,mit,Dios
https://www.wikidata.org/wiki/Q5720,place,Valencia
https://www.wikidata.org/wiki/Q450246,person,fray Luis
https://www.wikidata.org/wiki/Q825,mit,Dios
https://www.wikidata.org/wiki/Q1571145,event,misa del Gallo
https://www.wikidata.org/wiki/Q151967,mit,san Blas
https://www.wikidata.org/wiki/Q825,mit,Dios
https://www.wikidata.org/wiki/Q40662,mit,San Juan
https://www.wikidata.org/wiki/Q825,mit,Dios
https://www.wikidata.org/wiki/Q825,mit,Dios
https://www.wikidata.org/wiki/Q825,mit,Dios
https://www.wikidata.org/wiki/Q5720,place,Valencia
https://www.wikidata.org/wiki/Q5011,mit,Amor
https://www.wikidata.org/wiki/Q825,mit,Dios
https://www.wikidata.org/wiki/Q40662,mit,San Juan
https://www.wikidata.org/wiki/Q5682,person,Miguel Cervantes
https://www.wikidata.org/wiki/Q165425,event,Naval
https://www.wikidata.org/wiki/Q241070,mit,Galatea
https://www.wikidata.org/wiki/Q174278,mit,Medea
https://www.wikidata.org/wiki/Q163920,mit,Adonis
https://www.wikidata.org/wiki/Q47551,person,Tiziano
https://www.wikidata.org/wiki/Q5597,person,Rafael de Urbinas
https://www.wikidata.org/wiki/Q555022,person,Martín de Vos
https://www.wikidata.org/wiki/Q825,mit,Dios
https://www.wikidata.org/wiki/Q825,mit,Dios
https://www.wikidata.org/wiki/Q38,place,Italia
https://www.wikidata.org/wiki/Q323904,place,Indias portuguesas
https://www.wikidata.org/wiki/Q235113,mit,ángel
https://www.wikidata.org/wiki/Q825,mit,Dios
https://www.wikidata.org/wiki/Q235113,mit,ángel
https://www.wikidata.org/wiki/Q177413,mit,demonio
https://www.wikidata.org/wiki/Q235113,mit,ángel
https://www.wikidata.org/wiki/Q825,mit,Dios
https://www.wikidata.org/wiki/Q151967,mit,san Blas
https://www.wikidata.org/wiki/Q39503,mit,Artemisa
https://www.wikidata.org/wiki/Q825,mit,Dios
https://www.wikidata.org/wiki/Q160730,mit,Medusa
https://www.wikidata.org/wiki/Q289957,mit,Jacob
https://www.wikidata.org/wiki/Q825,mit,Dios
https://www.wikidata.org/wiki/Q207535,mit,Roldán
https://www.wikidata.org/wiki/Q41746,mit,Aquiles
https://www.wikidata.org/wiki/Q10316761,mit,Leandro
https://www.wikidata.org/wiki/Q825,mit,Dios
https://www.wikidata.org/wiki/Q825,mit,Dios
https://www.wikidata.org/wiki/Q825,mit,Dios
https://www.wikidata.org/wiki/Q302,mit,Jesús
https://www.wikidata.org/wiki/Q220822,mit,Esaú
https://www.wikidata.org/wiki/Q37340,mit,Apolo
https://www.wikidata.org/wiki/Q825,mit,Dios
https://www.wikidata.org/wiki/Q825,mit,Dios
https://www.wikidata.org/wiki/Q825,mit,Dios
https://www.wikidata.org/wiki/Q5011,mit,dios de amor
https://www.wikidata.org/wiki/Q825,mit,Dios
https://www.wikidata.org/wiki/Q1149081,place,Oriente
https://www.wikidata.org/wiki/Q29,place,España
https://www.wikidata.org/wiki/Q8409,person,Alejandro
https://www.wikidata.org/wiki/Q373916,mit,ninfa
https://www.wikidata.org/wiki/Q132543,mit,Diana
https://www.wikidata.org/wiki/Q184570,mit,Iris
https://www.wikidata.org/wiki/Q132543,mit,Diana
https://www.wikidata.org/wiki/Q1150,mit,Mercurio
https://www.wikidata.org/wiki/Q1150,mit,Mercurio
https://www.wikidata.org/wiki/Q825,mit,Dios
https://www.wikidata.org/wiki/Q132543,mit,Diana
https://www.wikidata.org/wiki/Q101583,place,Tebas
https://www.wikidata.org/wiki/Q1611657,mit,Ifis
https://www.wikidata.org/wiki/Q488621,mit,aquella que de mármol tiene el pecho
https://www.wikidata.org/wiki/Q825,mit,Dios
https://www.wikidata.org/wiki/Q48853,mit,Angélica
https://www.wikidata.org/wiki/Q825,mit,Dios
https://www.wikidata.org/wiki/Q825,mit,Dios
https://www.wikidata.org/wiki/Q825,mit,Dios
https://www.wikidata.org/wiki/Q1116690,mit,Rodamontes
https://www.wikidata.org/wiki/Q207535,mit,Orlando
https://www.wikidata.org/wiki/Q825,mit,Dios
https://www.wikidata.org/wiki/Q825,mit,Dios
https://www.wikidata.org/wiki/Q825,mit,Dios
https://www.wikidata.org/wiki/Q163920,mit,Adonis
https://www.wikidata.org/wiki/Q13409873,mit,Píramo
https://www.wikidata.org/wiki/Q179256,mit,Narciso
https://www.wikidata.org/wiki/Q2807,place,Madrid
https://www.wikidata.org/wiki/Q5720,place,Valencia
https://www.wikidata.org/wiki/Q2807,place,Madrid
https://www.wikidata.org/wiki/Q843382,mit,Psiques
https://www.wikidata.org/wiki/Q5011,mit,Amor
https://www.wikidata.org/wiki/Q5011,mit,Amor
https://www.wikidata.org/wiki/Q37340,mit,Apolo
https://www.wikidata.org/wiki/Q132543,mit,Diana
https://www.wikidata.org/wiki/Q132543,mit,Diana
https://www.wikidata.org/wiki/Q825,mit,Dios
https://www.wikidata.org/wiki/Q235113,mit,ángel
https://www.wikidata.org/wiki/Q184570,mit,Iris
https://www.wikidata.org/wiki/Q1150,mit,Mercurio
https://www.wikidata.org/wiki/Q42702348,mit,Amadís
https://www.wikidata.org/wiki/Q132543,mit,Diana
https://www.wikidata.org/wiki/Q825,mit,Dios
https://www.wikidata.org/wiki/Q3393007,place,Zaidía
https://www.wikidata.org/wiki/Q235113,mit,ángel
https://www.wikidata.org/wiki/Q6674,mit,diablo
https://www.wikidata.org/wiki/Q6674,mit,diablo
https://www.wikidata.org/wiki/Q234,place,Flandes
https://www.wikidata.org/wiki/Q302,mit,Jesú
https://www.wikidata.org/wiki/Q302,mit,Jesú
https://www.wikidata.org/wiki/Q825,mit,Dios
https://www.wikidata.org/wiki/Q132543,mit,Diana
https://www.wikidata.org/wiki/Q132543,mit,Diana
https://www.wikidata.org/wiki/Q825,mit,Dios
https://www.wikidata.org/wiki/Q2807,mit,Madrid
https://www.wikidata.org/wiki/Q30880528,mit,Gradaso
https://www.wikidata.org/wiki/Q825,mit,Dios
https://www.wikidata.org/wiki/Q48853,mit,Angélica
https://www.wikidata.org/wiki/Q5720,place,Valencia
https://www.wikidata.org/wiki/Q207535,mit,Orlando
https://www.wikidata.org/wiki/Q5415468,mit,Sacripante
https://www.wikidata.org/wiki/Q1158870,mit,Ferragud
https://www.wikidata.org/wiki/Q48853,mit,Angélica
https://www.wikidata.org/wiki/Q3853841,mit,Medoro
https://www.wikidata.org/wiki/Q29,place,España
https://www.wikidata.org/wiki/Q825,mit,Dios
https://www.wikidata.org/wiki/Q2807,mit,Madrid
https://www.wikidata.org/wiki/Q2807,place,Madrid
https://www.wikidata.org/wiki/Q825,mit,Dios
https://www.wikidata.org/wiki/Q9064478,place,puente del Real
https://www.wikidata.org/wiki/Q5720,place,Valencia
https://www.wikidata.org/wiki/Q5011,mit,dios de amor
https://www.wikidata.org/wiki/Q5720,place,Valencia
https://www.wikidata.org/wiki/Q207535,mit,Roldán
https://en.wikipedia.org/wiki/Porcia_(wife_of_Brutus),mit,Porcia
https://www.wikidata.org/wiki/Q40662,mit,San Juan
https://www.wikidata.org/wiki/Q6674,mit,diablo
https://www.wikidata.org/wiki/Q5720,place,Valencia
https://www.wikidata.org/wiki/Q35230,mit,Satanás
https://www.wikidata.org/wiki/Q825,mit,Dios
https://www.wikidata.org/wiki/Q187602,mit,Circe
https://www.wikidata.org/wiki/Q215681,mit,Lanzarote
https://www.wikidata.org/wiki/Q825,mit,Dios
https://www.wikidata.org/wiki/Q825,mit,Dios
https://www.wikidata.org/wiki/Q187602,mit,Circe
https://www.wikidata.org/wiki/Q5720,place,Valencia
https://www.wikidata.org/wiki/Q302,mit,Jesús
https://www.wikidata.org/wiki/Q825,mit,Dios
